[{
    "heading": "Delhi, April 1970 or thereabouts",
    "excerptLine1": "Running home",
    "excerptLine2": "at dusk chased by bzz-bzz-bzz --",
    "excerptLine3": "Porch lights!",
    "excerptLine4": ""
}, {
    "heading": "Summer, yesterday",
    "excerptLine1": "garden capers",
    "excerptLine2": "cool nimbupani slaking ",
    "excerptLine3": "parched throats",
    "excerptLine4": ""
}, {
    "heading": "Delhi, summer",
    "excerptLine1": "child",
    "excerptLine2": "in thin cotton nightie",
    "excerptLine3": "making foot prints on cool wet floor.",
    "excerptLine4": ""
}, {
    "heading": "summer morning - 2012",
    "excerptLine1": "raucous birdcalls ",
    "excerptLine2": "not a leaf stirs the summer",
    "excerptLine3": "morning",
    "excerptLine4": ""
}, {
    "heading": "fire —",
    "excerptLine1": "gulmohur flames the ",
    "excerptLine2": "summer sky",
    "excerptLine3": "",
    "excerptLine4": ""
}, {
    "heading": "missing the muse -",
    "excerptLine1": "looking  skyward for",
    "excerptLine2": "rain",
    "excerptLine3": "",
    "excerptLine4": ""
}, {
    "heading": "caked soil",
    "excerptLine1": "waits for showers and ",
    "excerptLine2": "its own musk",
    "excerptLine3": "",
    "excerptLine4": ""
}, {
    "heading": "sulky sun…",
    "excerptLine1": "dismissed by dust and",
    "excerptLine2": "drizzle",
    "excerptLine3": "",
    "excerptLine4": ""
}, {
    "heading": "perfumed air-",
    "excerptLine1": "gentle rain dots",
    "excerptLine2": "the dust",
    "excerptLine3": "",
    "excerptLine4": ""
}, {
    "heading": "rains cleanse",
    "excerptLine1": "the now",
    "excerptLine2": "of the then",
    "excerptLine3": "",
    "excerptLine4": ""
}, {
    "heading": "dark grey -",
    "excerptLine1": "people scurrying with chores before",
    "excerptLine2": "it pours",
    "excerptLine3": "",
    "excerptLine4": ""
}, {
    "heading": "banyan",
    "excerptLine1": "sheds a tear - earth gulps",
    "excerptLine2": "greedily",
    "excerptLine3": "",
    "excerptLine4": ""
}, {
    "heading": "garden chair -",
    "excerptLine1": "the sun soaks the",
    "excerptLine2": "bones",
    "excerptLine3": "",
    "excerptLine4": ""
}, {
    "heading": "Hope",
    "excerptLine1": "morning -",
    "excerptLine2": "the new leaf mocks the",
    "excerptLine3": "frost",
    "excerptLine4": ""
}, {
    "heading": "colors of rain",
    "excerptLine1": "blue - gray, sapphire",
    "excerptLine2": "b’ dazzled and bice",
    "excerptLine3": "swirls and swathes",
    "excerptLine4": "of tumid nimbus"
}]
