[{
    "link": "http://www.elkjournals.com/microadmin/UploadFolder/59819.LITERARY-TEXTS-AND-CINEMA-SCRIPTS.pdf"
}, {
    "link": "https://scriggler.com/Profile/madhuri_maitra"
}, {
    "link": "https://thezenspace.wordpress.com/experience/summer-2014-showcase/"
}, {
    "link": "https://prunejuice.files.wordpress.com/2015/07/july-15-prune-juice-final-version1.pdf"
}, {
    "link": "http: //www.cyberwit.net/publications/783"
}, {
    "link": "http://contemporaryliteraryreview.blogspot.in/2013_01_01_archive.html"
}, {
    "link": "http://www.elkjournals.com/conferences/english-literature-and-language/2015/march/multifacets-2015.asp"
}]
